{"IcoMoonType":"selection","icons":[{"icon":{"paths":["M642.261 294.912c-13.824-13.397-32.64-21.845-53.461-21.845-42.411 0-76.8 34.432-76.8 76.843v384c0 42.411 34.389 76.757 76.8 76.757 20.821 0 39.68-8.32 53.461-21.845 101.589-98.731 253.739-246.912 253.739-246.912s-152.149-148.224-253.739-246.997z","M258.261 294.912c-13.824-13.397-32.64-21.845-53.461-21.845-42.411 0-76.8 34.432-76.8 76.843v384c0 42.411 34.389 76.757 76.8 76.757 20.821 0 39.68-8.32 53.461-21.845 101.589-98.731 253.739-246.912 253.739-246.912s-152.149-148.224-253.739-246.997z"],"attrs":[{},{}],"isMulticolor":false,"isMulticolor2":false,"tags":["media-fast-forward"],"grid":24},"attrs":[{},{}],"properties":{"order":1,"id":0,"name":"media-fast-forward","prevSize":24,"code":59648},"setIdx":0,"setId":4,"iconIdx":0},{"icon":{"paths":["M810 470v-86h-170v-170h-86v170h-170v86h170v170h86v-170h170zM854 86q34 0 59 25t25 59v512q0 34-25 60t-59 26h-512q-34 0-60-26t-26-60v-512q0-34 26-59t60-25h512zM170 256v598h598v84h-598q-34 0-59-25t-25-59v-598h84z"],"attrs":[],"isMulticolor":false,"isMulticolor2":false,"tags":["library_add","queue","add_to_photos"],"grid":24},"attrs":[],"properties":{"ligatures":"library_add, queue, add_to_photos","id":20,"order":41,"prevSize":24,"code":59661,"name":"library_add"},"setIdx":2,"setId":2,"iconIdx":20},{"icon":{"paths":["M726 298q88 0 150 63t62 151-62 151-150 63h-172v-82h172q54 0 93-39t39-93-39-93-93-39h-172v-82h172zM342 554v-84h340v84h-340zM166 512q0 54 39 93t93 39h172v82h-172q-88 0-150-63t-62-151 62-151 150-63h172v82h-172q-54 0-93 39t-39 93z"],"attrs":[],"isMulticolor":false,"isMulticolor2":false,"tags":["link","insert_link"],"grid":24},"attrs":[],"properties":{"ligatures":"link, insert_link","id":164,"order":43,"prevSize":24,"code":59662,"name":"link"},"setIdx":2,"setId":2,"iconIdx":164},{"icon":{"paths":["M786 452l152-154v384h-384l156-154q-96-80-220-80-102 0-197 68t-127 166l-100-32q44-136 161-222t263-86q170 0 296 110z"],"attrs":[],"isMulticolor":false,"isMulticolor2":false,"tags":["redo"],"grid":24},"attrs":[],"properties":{"ligatures":"redo","id":165,"order":36,"prevSize":24,"code":59656,"name":"redo"},"setIdx":2,"setId":2,"iconIdx":165},{"icon":{"paths":["M534 342q146 0 262 86t162 222l-100 32q-34-104-123-169t-201-65q-124 0-220 80l156 154h-384v-384l152 154q126-110 296-110z"],"attrs":[],"isMulticolor":false,"isMulticolor2":false,"tags":["undo"],"grid":24},"attrs":[],"properties":{"ligatures":"undo","id":177,"order":37,"prevSize":24,"code":59657,"name":"undo"},"setIdx":2,"setId":2,"iconIdx":177},{"icon":{"paths":["M86 182l54-54 714 714-54 54-172-170h-74v-74l-96-98h-116v-84h30l-88-88q-50 6-84 43t-34 87q0 54 39 93t93 39h172v82h-172q-88 0-150-63t-62-151q0-60 38-118t94-80zM682 470v84h-8l-84-84h92zM726 298q88 0 150 63t62 151q0 130-116 190l-62-62q42-10 70-46t28-82q0-54-39-93t-93-39h-172v-82h172z"],"attrs":[],"isMulticolor":false,"isMulticolor2":false,"tags":["link_off"],"grid":24},"attrs":[],"properties":{"ligatures":"link_off","id":186,"order":44,"prevSize":24,"code":59663,"name":"link_off"},"setIdx":2,"setId":2,"iconIdx":186},{"icon":{"paths":["M598 512h234l-234-234v234zM640 214l256 256v426q0 34-26 60t-60 26h-470q-34 0-59-26t-25-60v-598q0-34 26-59t60-25h298zM682 42v86h-512v598h-84v-598q0-34 25-60t59-26h512z"],"attrs":[],"isMulticolor":false,"isMulticolor2":false,"tags":["file_copy"],"grid":24},"attrs":[],"properties":{"ligatures":"file_copy","id":190,"order":12,"prevSize":24,"code":59649,"name":"file_copy"},"setIdx":2,"setId":2,"iconIdx":190},{"icon":{"paths":["M0 854h1024v170h-1024v-170zM810 490q86 94 86 150 0 34-26 60t-60 26-59-26-25-60q0-24 21-62t41-62zM222 426h410l-206-204zM706 382q20 20 20 46t-20 44l-234 234q-20 20-46 20-24 0-44-20l-236-234q-18-18-18-46 0-26 18-44l220-220-102-102 62-60z"],"attrs":[],"isMulticolor":false,"isMulticolor2":false,"tags":["format_color_fill"],"grid":24},"attrs":[],"properties":{"ligatures":"format_color_fill","id":270,"order":65,"prevSize":24,"code":59664,"name":"format_color_fill"},"setIdx":2,"setId":2,"iconIdx":270},{"icon":{"paths":["M410 512h204l-102-270zM470 128h84l234 598h-96l-46-128h-268l-48 128h-96zM0 854h1024v170h-1024v-170z"],"attrs":[],"isMulticolor":false,"isMulticolor2":false,"tags":["format_color_text"],"grid":24},"attrs":[],"properties":{"ligatures":"format_color_text","id":272,"order":66,"prevSize":24,"code":59665,"name":"format_color_text"},"setIdx":2,"setId":2,"iconIdx":272},{"icon":{"paths":["M170 640v-86h684v86h-684zM854 384v86h-684v-86h684z"],"attrs":[],"isMulticolor":false,"isMulticolor2":false,"tags":["drag_handle"],"grid":24},"attrs":[],"properties":{"ligatures":"drag_handle","id":302,"order":30,"prevSize":24,"code":59658,"name":"drag_handle"},"setIdx":2,"setId":2,"iconIdx":302},{"icon":{"paths":["M456 544h112l-56-164zM586 598h-150l-30 84h-70l146-384h60l144 384h-68zM810 214h86v-86h-86v86zM896 896v-86h-86v86h86zM726 810v-84h84v-428h-84v-84h-428v84h-84v428h84v84h428zM214 896v-86h-86v86h86zM128 128v86h86v-86h-86zM982 298h-86v428h86v256h-256v-86h-428v86h-256v-256h86v-428h-86v-256h256v86h428v-86h256v256z"],"attrs":[],"isMulticolor":false,"isMulticolor2":false,"tags":["format_shapes"],"grid":24},"attrs":[],"properties":{"ligatures":"format_shapes","id":303,"order":51,"prevSize":24,"code":59666,"name":"format_shapes"},"setIdx":2,"setId":2,"iconIdx":303},{"icon":{"paths":["M918 384v128h-128v298h-128v-298h-128v-128h384zM106 170h556v128h-214v512h-128v-512h-214v-128z"],"attrs":[],"isMulticolor":false,"isMulticolor2":false,"tags":["text_fields"],"grid":24},"attrs":[],"properties":{"ligatures":"text_fields","id":307,"order":49,"prevSize":24,"code":59667,"name":"text_fields"},"setIdx":2,"setId":2,"iconIdx":307},{"icon":{"paths":["M214 170h596v128h-234v512h-128v-512h-234v-128z"],"attrs":[],"isMulticolor":false,"isMulticolor2":false,"tags":["title"],"grid":24},"attrs":[],"properties":{"ligatures":"title","id":309,"order":50,"prevSize":24,"code":59668,"name":"title"},"setIdx":2,"setId":2,"iconIdx":309},{"icon":{"paths":["M746 512q26 0 45-18t19-46-19-46-45-18-45 18-19 46 19 46 45 18zM618 342q26 0 45-19t19-45-19-45-45-19-45 19-19 45 19 45 45 19zM406 342q26 0 45-19t19-45-19-45-45-19-45 19-19 45 19 45 45 19zM278 512q26 0 45-18t19-46-19-46-45-18-45 18-19 46 19 46 45 18zM512 128q158 0 271 100t113 242q0 88-63 150t-151 62h-74q-28 0-46 19t-18 45q0 22 16 42t16 44q0 28-18 46t-46 18q-160 0-272-112t-112-272 112-272 272-112z"],"attrs":[],"isMulticolor":false,"isMulticolor2":false,"tags":["color_lens","palette"],"grid":24},"attrs":[],"properties":{"ligatures":"color_lens, palette","id":399,"order":67,"prevSize":24,"code":59669,"name":"color_lens"},"setIdx":2,"setId":2,"iconIdx":399},{"icon":{"paths":["M296 810l344-344-82-82-344 344zM884 240q30 30 0 60l-134 134 82 82-60 60-60-60-382 380h-202v-202l380-382-60-60 60-60 82 82 134-134q12-12 30-12t30 12z"],"attrs":[],"isMulticolor":false,"isMulticolor2":false,"tags":["colorize"],"grid":24},"attrs":[],"properties":{"ligatures":"colorize","id":400,"order":68,"prevSize":24,"code":59670,"name":"colorize"},"setIdx":2,"setId":2,"iconIdx":400},{"icon":{"paths":["M810 128q34 0 60 26t26 60v170h-86v-170h-170v-86h170zM810 810v-170h86v170q0 34-26 60t-60 26h-170v-86h170zM214 640v170h170v86h-170q-34 0-60-26t-26-60v-170h86zM128 214q0-34 26-60t60-26h170v86h-170v170h-86v-170z"],"attrs":[],"isMulticolor":false,"isMulticolor2":false,"tags":["crop_free"],"grid":24},"attrs":[],"properties":{"ligatures":"crop_free","id":409,"order":47,"prevSize":24,"code":59671,"name":"crop_free"},"setIdx":2,"setId":2,"iconIdx":409},{"icon":{"paths":["M596 524l150 202h-468l116-152 84 102zM810 810v-596h-596v596h596zM810 128q34 0 60 26t26 60v596q0 34-26 60t-60 26h-596q-34 0-60-26t-26-60v-596q0-34 26-60t60-26h596z"],"attrs":[],"isMulticolor":false,"isMulticolor2":false,"tags":["crop_original"],"grid":24},"attrs":[],"properties":{"ligatures":"crop_original","id":410,"order":48,"prevSize":24,"code":59672,"name":"crop_original"},"setIdx":2,"setId":2,"iconIdx":410},{"icon":{"paths":["M896 726v-598h-598v598h598zM896 42q34 0 60 26t26 60v598q0 34-26 59t-60 25h-598q-34 0-59-25t-25-59v-598q0-34 25-60t59-26h598zM128 214v682h682v86h-682q-34 0-60-26t-26-60v-682h86zM680 440l152 200h-470l118-150 84 100z"],"attrs":[],"isMulticolor":false,"isMulticolor2":false,"tags":["filter"],"grid":24},"attrs":[],"properties":{"ligatures":"filter","id":424,"order":45,"prevSize":24,"code":59673,"name":"filter"},"setIdx":2,"setId":2,"iconIdx":424},{"icon":{"paths":["M768 214h170v170h-170v-170zM768 810v-170h170v170h-170zM554 810v-170h172v170h-172zM342 810v-170h170v170h-170zM128 810v-170h170v170h-170zM768 598v-172h170v172h-170zM554 214h172v170h-172v-170zM342 384v-170h170v170h-170zM554 598v-172h172v172h-172zM342 598v-172h170v172h-170zM128 598v-172h170v172h-170zM128 384v-170h170v170h-170z"],"attrs":[],"isMulticolor":false,"isMulticolor2":false,"tags":["view_comfy"],"grid":24},"attrs":[],"properties":{"ligatures":"view_comfy","id":499,"order":46,"prevSize":24,"code":59674,"name":"view_comfy"},"setIdx":2,"setId":2,"iconIdx":499},{"icon":{"paths":["M640 682q34 0 60 26t26 60-26 60-60 26-60-26-26-60 26-60 60-26zM640 426q34 0 60 26t26 60-26 60-60 26-60-26-26-60 26-60 60-26zM640 342q-34 0-60-26t-26-60 26-60 60-26 60 26 26 60-26 60-60 26zM384 170q34 0 60 26t26 60-26 60-60 26-60-26-26-60 26-60 60-26zM384 426q34 0 60 26t26 60-26 60-60 26-60-26-26-60 26-60 60-26zM470 768q0 34-26 60t-60 26-60-26-26-60 26-60 60-26 60 26 26 60z"],"attrs":[],"isMulticolor":false,"isMulticolor2":false,"tags":["drag_indicator"],"grid":24},"attrs":[],"properties":{"ligatures":"drag_indicator","id":918,"order":29,"prevSize":24,"code":59659,"name":"drag_indicator"},"setIdx":2,"setId":2,"iconIdx":918},{"icon":{"paths":["M362 214l214 298-214 298h-192l214-298-214-298h192zM662 214l212 298-212 298h-192l212-298-212-298h192z"],"attrs":[],"isMulticolor":false,"isMulticolor2":false,"tags":["double_arrow"],"grid":24},"attrs":[],"properties":{"ligatures":"double_arrow","id":1099,"order":5,"prevSize":24,"code":59650,"name":"double_arrow"},"setIdx":2,"setId":2,"iconIdx":1099},{"icon":{"paths":["M512 0c-282.77 0-512 229.23-512 512s229.23 512 512 512 512-229.23 512-512-229.23-512-512-512zM512 896c-212.078 0-384-171.922-384-384s171.922-384 384-384c212.078 0 384 171.922 384 384s-171.922 384-384 384z"],"attrs":[{}],"isMulticolor":false,"isMulticolor2":false,"tags":["radio-unchecked","radio-button","circle"],"grid":16},"attrs":[{}],"properties":{"order":1,"id":6,"name":"radio-unchecked, radio-button, circle","prevSize":32,"code":59675},"setIdx":1,"setId":3,"iconIdx":0},{"icon":{"paths":["M128 128h768v768h-768z"],"attrs":[{}],"isMulticolor":false,"isMulticolor2":false,"tags":["stop","player","square"],"grid":16},"attrs":[{}],"properties":{"order":1,"id":5,"name":"stop, player, square","prevSize":32,"code":59676},"setIdx":1,"setId":3,"iconIdx":1},{"icon":{"paths":["M832 256l192-192-64-64-192 192h-448v-192h-128v192h-192v128h192v512h512v192h128v-192h192v-128h-192v-448zM320 320h320l-320 320v-320zM384 704l320-320v320h-320z"],"attrs":[{}],"isMulticolor":false,"isMulticolor2":false,"tags":["crop","resize","cut"],"grid":16},"attrs":[{}],"properties":{"order":1,"id":4,"name":"crop, resize, cut","prevSize":32,"code":59660},"setIdx":1,"setId":3,"iconIdx":2},{"icon":{"paths":["M768 640v-128h-320v-128h320v-128l192 192zM704 576v256h-320v192l-384-192v-832h704v320h-64v-256h-512l256 128v576h256v-192z"],"attrs":[{}],"isMulticolor":false,"isMulticolor2":false,"tags":["exit","signout","logout","quit","close"],"grid":16},"attrs":[{}],"properties":{"order":1,"id":3,"name":"exit, signout, logout, quit, close","prevSize":32,"code":59651},"setIdx":1,"setId":3,"iconIdx":3},{"icon":{"paths":["M512 256c-141.384 0-256 114.616-256 256s114.616 256 256 256 256-114.616 256-256-114.616-256-256-256zM512 672v-320c88.224 0 160 71.776 160 160s-71.776 160-160 160zM512 832c35.346 0 64 28.654 64 64v64c0 35.346-28.654 64-64 64s-64-28.654-64-64v-64c0-35.346 28.654-64 64-64zM512 192c-35.346 0-64-28.654-64-64v-64c0-35.346 28.654-64 64-64s64 28.654 64 64v64c0 35.346-28.654 64-64 64zM960 448c35.346 0 64 28.654 64 64s-28.654 64-64 64h-64c-35.346 0-64-28.654-64-64s28.654-64 64-64h64zM192 512c0 35.346-28.654 64-64 64h-64c-35.346 0-64-28.654-64-64s28.654-64 64-64h64c35.346 0 64 28.654 64 64zM828.784 738.274l45.256 45.256c24.992 24.992 24.992 65.516 0 90.51-24.994 24.992-65.518 24.992-90.51 0l-45.256-45.256c-24.992-24.992-24.992-65.516 0-90.51 24.994-24.992 65.518-24.992 90.51 0zM195.216 285.726l-45.256-45.256c-24.994-24.994-24.994-65.516 0-90.51s65.516-24.994 90.51 0l45.256 45.256c24.994 24.994 24.994 65.516 0 90.51s-65.516 24.994-90.51 0zM828.784 285.726c-24.992 24.992-65.516 24.992-90.51 0-24.992-24.994-24.992-65.516 0-90.51l45.256-45.254c24.992-24.994 65.516-24.994 90.51 0 24.992 24.994 24.992 65.516 0 90.51l-45.256 45.254zM195.216 738.274c24.992-24.992 65.516-24.992 90.508 0 24.994 24.994 24.994 65.518 0 90.51l-45.254 45.256c-24.994 24.992-65.516 24.992-90.51 0-24.994-24.994-24.994-65.518 0-90.51l45.256-45.256z"],"attrs":[{}],"isMulticolor":false,"isMulticolor2":false,"tags":["brightness-contrast"],"grid":16},"attrs":[{}],"properties":{"order":1,"id":2,"name":"brightness-contrast","prevSize":32,"code":59652},"setIdx":1,"setId":3,"iconIdx":4},{"icon":{"paths":["M512 832c35.346 0 64 28.654 64 64v64c0 35.346-28.654 64-64 64s-64-28.654-64-64v-64c0-35.346 28.654-64 64-64zM512 192c-35.346 0-64-28.654-64-64v-64c0-35.346 28.654-64 64-64s64 28.654 64 64v64c0 35.346-28.654 64-64 64zM960 448c35.346 0 64 28.654 64 64s-28.654 64-64 64h-64c-35.348 0-64-28.654-64-64s28.652-64 64-64h64zM192 512c0 35.346-28.654 64-64 64h-64c-35.346 0-64-28.654-64-64s28.654-64 64-64h64c35.346 0 64 28.654 64 64zM828.784 738.274l45.256 45.258c24.992 24.99 24.992 65.516 0 90.508-24.994 24.992-65.518 24.992-90.51 0l-45.256-45.256c-24.992-24.99-24.992-65.516 0-90.51 24.994-24.992 65.518-24.992 90.51 0zM195.216 285.726l-45.256-45.256c-24.994-24.994-24.994-65.516 0-90.51s65.516-24.994 90.51 0l45.256 45.256c24.994 24.994 24.994 65.516 0 90.51s-65.516 24.994-90.51 0zM828.784 285.726c-24.992 24.992-65.516 24.992-90.51 0-24.992-24.994-24.992-65.516 0-90.51l45.256-45.254c24.992-24.994 65.516-24.994 90.51 0 24.992 24.994 24.992 65.516 0 90.51l-45.256 45.254zM195.216 738.274c24.992-24.992 65.518-24.992 90.508 0 24.994 24.994 24.994 65.52 0 90.51l-45.254 45.256c-24.994 24.992-65.516 24.992-90.51 0s-24.994-65.518 0-90.508l45.256-45.258z","M512 256c-141.384 0-256 114.616-256 256 0 141.382 114.616 256 256 256 141.382 0 256-114.618 256-256 0-141.384-114.616-256-256-256zM512 672c-88.366 0-160-71.634-160-160s71.634-160 160-160 160 71.634 160 160-71.634 160-160 160z"],"attrs":[{},{}],"isMulticolor":false,"isMulticolor2":false,"tags":["sun","weather"],"grid":16},"attrs":[{},{}],"properties":{"order":2,"id":1,"name":"sun, weather","prevSize":32,"code":59653},"setIdx":1,"setId":3,"iconIdx":5},{"icon":{"paths":["M512.002 193.212v-65.212h128v-64c0-35.346-28.654-64-64.002-64h-191.998c-35.346 0-64 28.654-64 64v64h128v65.212c-214.798 16.338-384 195.802-384 414.788 0 229.75 186.25 416 416 416s416-186.25 416-416c0-218.984-169.202-398.448-384-414.788zM706.276 834.274c-60.442 60.44-140.798 93.726-226.274 93.726s-165.834-33.286-226.274-93.726c-60.44-60.44-93.726-140.8-93.726-226.274s33.286-165.834 93.726-226.274c58.040-58.038 134.448-91.018 216.114-93.548l-21.678 314.020c-1.86 26.29 12.464 37.802 31.836 37.802s33.698-11.512 31.836-37.802l-21.676-314.022c81.666 2.532 158.076 35.512 216.116 93.55 60.44 60.44 93.726 140.8 93.726 226.274s-33.286 165.834-93.726 226.274z"],"attrs":[{}],"isMulticolor":false,"isMulticolor2":false,"tags":["stopwatch","time","speed","meter","chronometer"],"grid":16},"attrs":[{}],"properties":{"order":1,"id":0,"prevSize":32,"code":59654,"name":"stopwatch"},"setIdx":1,"setId":3,"iconIdx":6},{"icon":{"paths":["M877.248 786.752l-146.752-146.752-90.496 90.496 146.752 146.752-146.752 146.752h384v-384zM384 0h-384v384l146.752-146.752 145.376 145.248 90.496-90.496-145.376-145.248zM384 730.496l-90.496-90.496-146.752 146.752-146.752-146.752v384h384l-146.752-146.752zM1024 0h-384l146.752 146.752-145.376 145.248 90.496 90.496 145.376-145.248 146.752 146.752z"],"attrs":[],"isMulticolor":false,"isMulticolor2":false,"tags":["fullscreen","expand"],"grid":16},"attrs":[],"properties":{"id":100,"order":13,"prevSize":32,"code":59655,"name":"fullscreen"},"setIdx":4,"setId":0,"iconIdx":99},{"icon":{"paths":["M1024 128h-1024v-128h1024zM640 384h-640v-128h640zM1024 768h-1024v-128h1024zM768 1024h-768v-128h768zM1024 960c0 35.36-28.704 64-63.936 64-35.456 0-64.064-28.64-64.064-64s28.608-64 64.064-64c35.232 0 63.936 28.64 63.936 64z"],"attrs":[],"isMulticolor":false,"isMulticolor2":false,"tags":["article"],"grid":16},"attrs":[],"properties":{"id":121,"order":71,"prevSize":32,"code":59677,"name":"article"},"setIdx":4,"setId":0,"iconIdx":120},{"icon":{"paths":["M512 950.857c-9.143 0-18.286-3.429-25.143-10.286l-356.571-344c-4.571-4-130.286-118.857-130.286-256 0-167.429 102.286-267.429 273.143-267.429 100 0 193.714 78.857 238.857 123.429 45.143-44.571 138.857-123.429 238.857-123.429 170.857 0 273.143 100 273.143 267.429 0 137.143-125.714 252-130.857 257.143l-356 342.857c-6.857 6.857-16 10.286-25.143 10.286z"],"width":1024,"attrs":[],"isMulticolor":false,"isMulticolor2":false,"tags":["heart"],"defaultCode":61444,"grid":14},"attrs":[],"properties":{"name":"heart","id":8,"order":40,"prevSize":28,"code":61444},"setIdx":3,"setId":1,"iconIdx":8},{"icon":{"paths":["M954.857 323.429c0 14.286-5.714 28.571-16 38.857l-491.429 491.429c-10.286 10.286-24.571 16-38.857 16s-28.571-5.714-38.857-16l-284.571-284.571c-10.286-10.286-16-24.571-16-38.857s5.714-28.571 16-38.857l77.714-77.714c10.286-10.286 24.571-16 38.857-16s28.571 5.714 38.857 16l168 168.571 374.857-375.429c10.286-10.286 24.571-16 38.857-16s28.571 5.714 38.857 16l77.714 77.714c10.286 10.286 16 24.571 16 38.857z"],"width":1024,"attrs":[],"isMulticolor":false,"isMulticolor2":false,"tags":["check"],"defaultCode":61452,"grid":14},"attrs":[],"properties":{"name":"check","id":16,"order":17,"prevSize":28,"code":61452},"setIdx":3,"setId":1,"iconIdx":16},{"icon":{"paths":["M741.714 755.429c0 14.286-5.714 28.571-16 38.857l-77.714 77.714c-10.286 10.286-24.571 16-38.857 16s-28.571-5.714-38.857-16l-168-168-168 168c-10.286 10.286-24.571 16-38.857 16s-28.571-5.714-38.857-16l-77.714-77.714c-10.286-10.286-16-24.571-16-38.857s5.714-28.571 16-38.857l168-168-168-168c-10.286-10.286-16-24.571-16-38.857s5.714-28.571 16-38.857l77.714-77.714c10.286-10.286 24.571-16 38.857-16s28.571 5.714 38.857 16l168 168 168-168c10.286-10.286 24.571-16 38.857-16s28.571 5.714 38.857 16l77.714 77.714c10.286 10.286 16 24.571 16 38.857s-5.714 28.571-16 38.857l-168 168 168 168c10.286 10.286 16 24.571 16 38.857z"],"width":804.5714285714286,"attrs":[],"isMulticolor":false,"isMulticolor2":false,"tags":["close","remove","times"],"defaultCode":61453,"grid":14},"attrs":[],"properties":{"name":"close1, remove, times","id":17,"order":16,"prevSize":28,"code":61453},"setIdx":3,"setId":1,"iconIdx":17},{"icon":{"paths":["M877.714 512c0 241.714-197.143 438.857-438.857 438.857s-438.857-197.143-438.857-438.857c0-138.857 64-266.857 175.429-350.286 32.571-24.571 78.286-18.286 102.286 14.286 24.571 32 17.714 78.286-14.286 102.286-74.286 56-117.143 141.143-117.143 233.714 0 161.143 131.429 292.571 292.571 292.571s292.571-131.429 292.571-292.571c0-92.571-42.857-177.714-117.143-233.714-32-24-38.857-70.286-14.286-102.286 24-32.571 70.286-38.857 102.286-14.286 111.429 83.429 175.429 211.429 175.429 350.286zM512 73.143v365.714c0 40-33.143 73.143-73.143 73.143s-73.143-33.143-73.143-73.143v-365.714c0-40 33.143-73.143 73.143-73.143s73.143 33.143 73.143 73.143z"],"width":877.7142857142857,"attrs":[],"isMulticolor":false,"isMulticolor2":false,"tags":["power-off"],"defaultCode":61457,"grid":14},"attrs":[],"properties":{"name":"power-off","id":20,"order":28,"prevSize":28,"code":61457},"setIdx":3,"setId":1,"iconIdx":20},{"icon":{"paths":["M877.714 146.286v256c0 20-16.571 36.571-36.571 36.571h-256c-14.857 0-28-9.143-33.714-22.857-5.714-13.143-2.857-29.143 8-39.429l78.857-78.857c-53.714-49.714-124.571-78.286-199.429-78.286-161.143 0-292.571 131.429-292.571 292.571s131.429 292.571 292.571 292.571c90.857 0 174.857-41.143 230.857-113.714 2.857-4 8-6.286 13.143-6.857 5.143 0 10.286 1.714 14.286 5.143l78.286 78.857c6.857 6.286 6.857 17.143 1.143 24.571-83.429 100.571-206.857 158.286-337.714 158.286-241.714 0-438.857-197.143-438.857-438.857s197.143-438.857 438.857-438.857c112.571 0 221.714 45.143 302.286 121.143l74.286-73.714c10.286-10.857 26.286-13.714 40-8 13.143 5.714 22.286 18.857 22.286 33.714z"],"width":877.7142857142857,"attrs":[],"isMulticolor":false,"isMulticolor2":false,"tags":["repeat","rotate-right"],"defaultCode":61470,"grid":14},"attrs":[],"properties":{"name":"repeat, rotate-right","id":33,"order":3,"prevSize":28,"code":61470},"setIdx":3,"setId":1,"iconIdx":33},{"icon":{"paths":["M182.857 438.857h292.571v-109.714c0-80.571-65.714-146.286-146.286-146.286s-146.286 65.714-146.286 146.286v109.714zM658.286 493.714v329.143c0 30.286-24.571 54.857-54.857 54.857h-548.571c-30.286 0-54.857-24.571-54.857-54.857v-329.143c0-30.286 24.571-54.857 54.857-54.857h18.286v-109.714c0-140.571 115.429-256 256-256s256 115.429 256 256v109.714h18.286c30.286 0 54.857 24.571 54.857 54.857z"],"width":658.2857142857142,"attrs":[],"isMulticolor":false,"isMulticolor2":false,"tags":["lock"],"defaultCode":61475,"grid":14},"attrs":[],"properties":{"name":"lock","id":36,"order":26,"prevSize":28,"code":61475},"setIdx":3,"setId":1,"iconIdx":36},{"icon":{"paths":["M414.286 319.429l-97.143 257.143c56.571 0.571 113.143 2.286 169.714 2.286 10.857 0 21.714-0.571 32.571-1.143-29.714-86.857-64.571-175.429-105.143-258.286zM0 950.857l1.143-45.143c53.714-16.571 112-5.143 136-66.857l135.429-352 160-413.714h73.143c2.286 4 4.571 8 6.286 12l117.143 274.286c42.857 101.143 82.286 203.429 125.714 304 25.714 59.429 45.714 120.571 74.286 178.857 4 9.143 12 26.286 20 32.571 18.857 14.857 71.429 18.286 98.286 28.571 1.714 10.857 3.429 21.714 3.429 32.571 0 5.143-0.571 9.714-0.571 14.857-72.571 0-145.143-9.143-217.714-9.143-74.857 0-149.714 6.286-224.571 8.571 0-14.857 0.571-29.714 2.286-44.571l74.857-16c15.429-3.429 45.714-7.429 45.714-28.571 0-20.571-73.714-190.286-82.857-213.714l-257.143-1.143c-14.857 33.143-72.571 182.857-72.571 204.571 0 44 84 45.714 116.571 50.286 0.571 10.857 0.571 21.714 0.571 33.143 0 5.143-0.571 10.286-1.143 15.429-66.286 0-133.143-11.429-199.429-11.429-8 0-19.429 3.429-27.429 4.571-36 6.286-71.429 8-107.429 8z"],"width":950.8571428571428,"attrs":[],"isMulticolor":false,"isMulticolor2":false,"tags":["font"],"defaultCode":61489,"grid":14},"attrs":[],"properties":{"name":"font","id":50,"order":56,"prevSize":28,"code":61489},"setIdx":3,"setId":1,"iconIdx":50},{"icon":{"paths":["M317.143 869.143c25.143 10.857 52.571 18.286 80 18.286 130.286 0 214.857-52 214.857-191.429 0-35.429-4.571-72.571-23.429-102.857-53.143-85.714-129.714-90.286-221.714-90.286-17.143 0-41.714 0-57.714 5.714 0 60.571-0.571 121.143-0.571 181.143 0 39.429-5.143 146.286 8.571 179.429zM309.143 442.857c20.571 3.429 41.714 4 62.286 4 117.714 0 201.714-33.143 201.714-165.143 0-111.429-98.857-149.714-194.286-149.714-25.143 0-49.714 3.429-74.286 7.429 0 57.714 4.571 115.429 4.571 173.143 0 30.286-0.571 60.571-0.571 90.857 0 13.143 0 26.286 0.571 39.429zM0 950.857l1.143-53.714c36.571-9.143 73.714-9.714 109.143-24.571 20-33.714 17.143-93.143 17.143-131.429 0-12.571 1.143-558.857-12.571-585.714-8.571-16.571-92.571-20.571-111.429-22.857l-2.286-47.429c136-2.286 272-12 407.429-12 25.714 0 52 0.571 77.714 0.571 129.143 0 271.429 61.714 271.429 210.286 0 102.286-77.714 140.571-158.286 177.143 108.571 24.571 205.143 98.286 205.143 218.286 0 196.571-178.857 261.714-346.286 261.714-50.286 0-100.571-3.429-150.857-3.429-102.286 0-205.714 9.143-307.429 13.143z"],"width":804.5714285714286,"attrs":[],"isMulticolor":false,"isMulticolor2":false,"tags":["bold"],"defaultCode":61490,"grid":14},"attrs":[],"properties":{"name":"bold","id":51,"order":57,"prevSize":28,"code":61490},"setIdx":3,"setId":1,"iconIdx":51},{"icon":{"paths":["M0 949.714l9.714-48.571c36.571-11.429 76-16 110.286-33.714 13.143-16.571 19.429-37.714 23.429-57.714 7.429-38.857 132-599.429 130.286-645.143v-14.286c-31.429-17.143-69.714-12.571-104-18.286l10.857-58.857c73.714 3.429 148.571 9.143 222.857 9.143 60.571 0 121.143-5.714 181.714-9.143-2.286 17.143-6.286 34.286-10.857 50.857-39.429 13.714-81.143 20-120 35.429-12.571 30.857-15.429 64.571-21.143 97.143-27.429 148-64 296-94.286 442.857-5.714 27.429-33.714 141.143-31.429 165.143l0.571 10.286c34.857 8 70.286 12 105.714 17.714-1.143 18.857-4.571 37.714-9.143 56.571-12.571 0-24.571 1.714-37.143 1.714-32.571 0-66.286-10.857-98.857-11.429-39.429-0.571-78.857-1.143-117.714-1.143-50.857 0-100.571 8.571-150.857 11.429z"],"width":585.1428571428571,"attrs":[],"isMulticolor":false,"isMulticolor2":false,"tags":["italic"],"defaultCode":61491,"grid":14},"attrs":[],"properties":{"name":"italic","id":52,"order":58,"prevSize":28,"code":61491},"setIdx":3,"setId":1,"iconIdx":52},{"icon":{"paths":["M996.571 804.571c25.143 0 33.143 16 17.714 36l-72 92.571c-15.429 20-40.571 20-56 0l-72-92.571c-15.429-20-7.429-36 17.714-36h45.714v-585.143h-45.714c-25.143 0-33.143-16-17.714-36l72-92.571c15.429-20 40.571-20 56 0l72 92.571c15.429 20 7.429 36-17.714 36h-45.714v585.143h45.714zM46.286 73.714l30.857 15.429c4 1.714 108.571 2.857 120.571 2.857 50.286 0 100.571-2.286 150.857-2.286 41.143 0 81.714 0.571 122.857 0.571h167.429c22.857 0 36 5.143 51.429-16.571l24-0.571c5.143 0 10.857 0.571 16 0.571 1.143 64 1.143 128 1.143 192 0 20 0.571 42.286-2.857 62.286-12.571 4.571-25.714 8.571-38.857 10.286-13.143-22.857-22.286-48-30.857-73.143-4-11.429-17.714-88.571-18.857-89.714-12-14.857-25.143-12-42.857-12-52 0-106.286-2.286-157.714 4-2.857 25.143-5.143 52-4.571 77.714 0.571 160.571 2.286 321.143 2.286 481.714 0 44-6.857 90.286 5.714 132.571 43.429 22.286 94.857 25.714 139.429 45.714 1.143 9.143 2.857 18.857 2.857 28.571 0 5.143-0.571 10.857-1.714 16.571l-19.429 0.571c-81.143 2.286-161.143-10.286-242.857-10.286-57.714 0-115.429 10.286-173.143 10.286-0.571-9.714-1.714-20-1.714-29.714v-5.143c21.714-34.857 100-35.429 136-56.571 12.571-28 10.857-182.857 10.857-218.857 0-115.429-3.429-230.857-3.429-346.286v-66.857c0-10.286 2.286-51.429-4.571-59.429-8-8.571-82.857-6.857-92.571-6.857-21.143 0-82.286 9.714-98.857 21.714-27.429 18.857-27.429 133.143-61.714 135.429-10.286-6.286-24.571-15.429-32-25.143v-218.857z"],"width":1029.7051428571428,"attrs":[],"isMulticolor":false,"isMulticolor2":false,"tags":["text-height"],"defaultCode":61492,"grid":14},"attrs":[],"properties":{"name":"text-height","id":53,"order":54,"prevSize":28,"code":61492},"setIdx":3,"setId":1,"iconIdx":53},{"icon":{"paths":["M46.286 73.714l30.857 15.429c4 1.714 108.571 2.857 120.571 2.857 50.286 0 100.571-2.286 150.857-2.286 151.429 0 304.571-3.429 456 1.714 12.571 0.571 24.571-7.429 32-17.714l24-0.571c5.143 0 10.857 0.571 16 0.571 1.143 64 1.143 128 1.143 192 0 20.571 0.571 42.286-2.857 62.286-12.571 4.571-25.714 8.571-38.857 10.286-13.143-22.857-22.286-48-30.857-73.143-4-11.429-18.286-88.571-18.857-89.714-4-5.143-9.143-8.571-15.429-10.857-4.571-1.714-32-1.143-37.714-1.143-70.286 0-151.429-4-220.571 4-2.857 25.143-5.143 52-4.571 77.714l0.571 86.857v-29.714c0.571 93.143 1.714 185.714 1.714 278.286 0 44-6.857 90.286 5.714 132.571 43.429 22.286 94.857 25.714 139.429 45.714 1.143 9.143 2.857 18.857 2.857 28.571 0 5.143-0.571 10.857-1.714 16.571l-19.429 0.571c-81.143 2.286-161.143-10.286-242.857-10.286-57.714 0-115.429 10.286-173.143 10.286-0.571-9.714-1.714-20-1.714-29.714v-5.143c21.714-34.857 100-35.429 136-56.571 14.286-32 10.286-302.286 10.286-352.571 0-8-2.857-16.571-2.857-25.143 0-23.429 4-157.714-4.571-167.429-8-8.571-82.857-6.857-92.571-6.857-24 0-158.286 12.571-172 21.714-26.857 17.714-27.429 132.571-61.714 135.429-10.286-6.286-24.571-15.429-32-25.143v-218.857zM748.571 806.286c20 0 96 68 111.429 80 8.571 6.857 14.857 16.571 14.857 28s-6.286 21.143-14.857 28c-15.429 12-91.429 80-111.429 80-26.286 0-17.143-61.143-17.143-71.429h-585.143c0 10.286 9.143 71.429-17.143 71.429-20 0-96-68-111.429-80-8.571-6.857-14.857-16.571-14.857-28s6.286-21.143 14.857-28c15.429-12 91.429-80 111.429-80 26.286 0 17.143 61.143 17.143 71.429h585.143c0-10.286-9.143-71.429 17.143-71.429z"],"width":878.2994285714285,"attrs":[],"isMulticolor":false,"isMulticolor2":false,"tags":["text-width"],"defaultCode":61493,"grid":14},"attrs":[],"properties":{"name":"text-width","id":54,"order":55,"prevSize":28,"code":61493},"setIdx":3,"setId":1,"iconIdx":54},{"icon":{"paths":["M1024 768v73.143c0 20-16.571 36.571-36.571 36.571h-950.857c-20 0-36.571-16.571-36.571-36.571v-73.143c0-20 16.571-36.571 36.571-36.571h950.857c20 0 36.571 16.571 36.571 36.571zM804.571 548.571v73.143c0 20-16.571 36.571-36.571 36.571h-731.429c-20 0-36.571-16.571-36.571-36.571v-73.143c0-20 16.571-36.571 36.571-36.571h731.429c20 0 36.571 16.571 36.571 36.571zM950.857 329.143v73.143c0 20-16.571 36.571-36.571 36.571h-877.714c-20 0-36.571-16.571-36.571-36.571v-73.143c0-20 16.571-36.571 36.571-36.571h877.714c20 0 36.571 16.571 36.571 36.571zM731.429 109.714v73.143c0 20-16.571 36.571-36.571 36.571h-658.286c-20 0-36.571-16.571-36.571-36.571v-73.143c0-20 16.571-36.571 36.571-36.571h658.286c20 0 36.571 16.571 36.571 36.571z"],"width":1024,"attrs":[],"isMulticolor":false,"isMulticolor2":false,"tags":["align-left"],"defaultCode":61494,"grid":14},"attrs":[],"properties":{"name":"align-left","id":55,"order":59,"prevSize":28,"code":61494},"setIdx":3,"setId":1,"iconIdx":55},{"icon":{"paths":["M1024 768v73.143c0 20-16.571 36.571-36.571 36.571h-950.857c-20 0-36.571-16.571-36.571-36.571v-73.143c0-20 16.571-36.571 36.571-36.571h950.857c20 0 36.571 16.571 36.571 36.571zM804.571 548.571v73.143c0 20-16.571 36.571-36.571 36.571h-512c-20 0-36.571-16.571-36.571-36.571v-73.143c0-20 16.571-36.571 36.571-36.571h512c20 0 36.571 16.571 36.571 36.571zM950.857 329.143v73.143c0 20-16.571 36.571-36.571 36.571h-804.571c-20 0-36.571-16.571-36.571-36.571v-73.143c0-20 16.571-36.571 36.571-36.571h804.571c20 0 36.571 16.571 36.571 36.571zM731.429 109.714v73.143c0 20-16.571 36.571-36.571 36.571h-365.714c-20 0-36.571-16.571-36.571-36.571v-73.143c0-20 16.571-36.571 36.571-36.571h365.714c20 0 36.571 16.571 36.571 36.571z"],"width":1024,"attrs":[],"isMulticolor":false,"isMulticolor2":false,"tags":["align-center"],"defaultCode":61495,"grid":14},"attrs":[],"properties":{"name":"align-center","id":56,"order":60,"prevSize":28,"code":61495},"setIdx":3,"setId":1,"iconIdx":56},{"icon":{"paths":["M1024 768v73.143c0 20-16.571 36.571-36.571 36.571h-950.857c-20 0-36.571-16.571-36.571-36.571v-73.143c0-20 16.571-36.571 36.571-36.571h950.857c20 0 36.571 16.571 36.571 36.571zM1024 548.571v73.143c0 20-16.571 36.571-36.571 36.571h-731.429c-20 0-36.571-16.571-36.571-36.571v-73.143c0-20 16.571-36.571 36.571-36.571h731.429c20 0 36.571 16.571 36.571 36.571zM1024 329.143v73.143c0 20-16.571 36.571-36.571 36.571h-877.714c-20 0-36.571-16.571-36.571-36.571v-73.143c0-20 16.571-36.571 36.571-36.571h877.714c20 0 36.571 16.571 36.571 36.571zM1024 109.714v73.143c0 20-16.571 36.571-36.571 36.571h-658.286c-20 0-36.571-16.571-36.571-36.571v-73.143c0-20 16.571-36.571 36.571-36.571h658.286c20 0 36.571 16.571 36.571 36.571z"],"width":1024,"attrs":[],"isMulticolor":false,"isMulticolor2":false,"tags":["align-right"],"defaultCode":61496,"grid":14},"attrs":[],"properties":{"name":"align-right","id":57,"order":61,"prevSize":28,"code":61496},"setIdx":3,"setId":1,"iconIdx":57},{"icon":{"paths":["M1024 768v73.143c0 20-16.571 36.571-36.571 36.571h-950.857c-20 0-36.571-16.571-36.571-36.571v-73.143c0-20 16.571-36.571 36.571-36.571h950.857c20 0 36.571 16.571 36.571 36.571zM1024 548.571v73.143c0 20-16.571 36.571-36.571 36.571h-950.857c-20 0-36.571-16.571-36.571-36.571v-73.143c0-20 16.571-36.571 36.571-36.571h950.857c20 0 36.571 16.571 36.571 36.571zM1024 329.143v73.143c0 20-16.571 36.571-36.571 36.571h-950.857c-20 0-36.571-16.571-36.571-36.571v-73.143c0-20 16.571-36.571 36.571-36.571h950.857c20 0 36.571 16.571 36.571 36.571zM1024 109.714v73.143c0 20-16.571 36.571-36.571 36.571h-950.857c-20 0-36.571-16.571-36.571-36.571v-73.143c0-20 16.571-36.571 36.571-36.571h950.857c20 0 36.571 16.571 36.571 36.571z"],"width":1024,"attrs":[],"isMulticolor":false,"isMulticolor2":false,"tags":["align-justify"],"defaultCode":61497,"grid":14},"attrs":[],"properties":{"name":"align-justify","id":58,"order":62,"prevSize":28,"code":61497},"setIdx":3,"setId":1,"iconIdx":58},{"icon":{"paths":["M1024 512c0 9.714-4 18.857-10.857 25.714l-146.286 146.286c-6.857 6.857-16 10.857-25.714 10.857-20 0-36.571-16.571-36.571-36.571v-73.143h-219.429v219.429h73.143c20 0 36.571 16.571 36.571 36.571 0 9.714-4 18.857-10.857 25.714l-146.286 146.286c-6.857 6.857-16 10.857-25.714 10.857s-18.857-4-25.714-10.857l-146.286-146.286c-6.857-6.857-10.857-16-10.857-25.714 0-20 16.571-36.571 36.571-36.571h73.143v-219.429h-219.429v73.143c0 20-16.571 36.571-36.571 36.571-9.714 0-18.857-4-25.714-10.857l-146.286-146.286c-6.857-6.857-10.857-16-10.857-25.714s4-18.857 10.857-25.714l146.286-146.286c6.857-6.857 16-10.857 25.714-10.857 20 0 36.571 16.571 36.571 36.571v73.143h219.429v-219.429h-73.143c-20 0-36.571-16.571-36.571-36.571 0-9.714 4-18.857 10.857-25.714l146.286-146.286c6.857-6.857 16-10.857 25.714-10.857s18.857 4 25.714 10.857l146.286 146.286c6.857 6.857 10.857 16 10.857 25.714 0 20-16.571 36.571-36.571 36.571h-73.143v219.429h219.429v-73.143c0-20 16.571-36.571 36.571-36.571 9.714 0 18.857 4 25.714 10.857l146.286 146.286c6.857 6.857 10.857 16 10.857 25.714z"],"width":1024,"attrs":[],"isMulticolor":false,"isMulticolor2":false,"tags":["arrows"],"defaultCode":61511,"grid":14},"attrs":[],"properties":{"name":"arrows","id":71,"order":53,"prevSize":28,"code":61511},"setIdx":3,"setId":1,"iconIdx":71},{"icon":{"paths":["M790.857 529.714l-758.857 421.714c-17.714 9.714-32 1.143-32-18.857v-841.143c0-20 14.286-28.571 32-18.857l758.857 421.714c17.714 9.714 17.714 25.714 0 35.429z"],"width":808.5942857142857,"attrs":[],"isMulticolor":false,"isMulticolor2":false,"tags":["play"],"defaultCode":61515,"grid":14},"attrs":[],"properties":{"name":"play","id":75,"order":31,"prevSize":28,"code":61515},"setIdx":3,"setId":1,"iconIdx":75},{"icon":{"paths":["M877.714 109.714v804.571c0 20-16.571 36.571-36.571 36.571h-292.571c-20 0-36.571-16.571-36.571-36.571v-804.571c0-20 16.571-36.571 36.571-36.571h292.571c20 0 36.571 16.571 36.571 36.571zM365.714 109.714v804.571c0 20-16.571 36.571-36.571 36.571h-292.571c-20 0-36.571-16.571-36.571-36.571v-804.571c0-20 16.571-36.571 36.571-36.571h292.571c20 0 36.571 16.571 36.571 36.571z"],"width":877.7142857142857,"attrs":[],"isMulticolor":false,"isMulticolor2":false,"tags":["pause"],"defaultCode":61516,"grid":14},"attrs":[],"properties":{"name":"pause","id":76,"order":32,"prevSize":28,"code":61516},"setIdx":3,"setId":1,"iconIdx":76},{"icon":{"paths":["M656.571 641.143c0-9.714-4-18.857-10.857-25.714l-103.429-103.429 103.429-103.429c6.857-6.857 10.857-16 10.857-25.714s-4-19.429-10.857-26.286l-51.429-51.429c-6.857-6.857-16.571-10.857-26.286-10.857s-18.857 4-25.714 10.857l-103.429 103.429-103.429-103.429c-6.857-6.857-16-10.857-25.714-10.857s-19.429 4-26.286 10.857l-51.429 51.429c-6.857 6.857-10.857 16.571-10.857 26.286s4 18.857 10.857 25.714l103.429 103.429-103.429 103.429c-6.857 6.857-10.857 16-10.857 25.714s4 19.429 10.857 26.286l51.429 51.429c6.857 6.857 16.571 10.857 26.286 10.857s18.857-4 25.714-10.857l103.429-103.429 103.429 103.429c6.857 6.857 16 10.857 25.714 10.857s19.429-4 26.286-10.857l51.429-51.429c6.857-6.857 10.857-16.571 10.857-26.286zM877.714 512c0 242.286-196.571 438.857-438.857 438.857s-438.857-196.571-438.857-438.857 196.571-438.857 438.857-438.857 438.857 196.571 438.857 438.857z"],"width":877.7142857142857,"attrs":[],"isMulticolor":false,"isMulticolor2":false,"tags":["times-circle"],"defaultCode":61527,"grid":14},"attrs":[],"properties":{"name":"times-circle","id":86,"order":15,"prevSize":28,"code":61527},"setIdx":3,"setId":1,"iconIdx":86},{"icon":{"paths":["M877.714 512v73.143c0 38.857-25.714 73.143-66.857 73.143h-402.286l167.429 168c13.714 13.143 21.714 32 21.714 51.429s-8 38.286-21.714 51.429l-42.857 43.429c-13.143 13.143-32 21.143-51.429 21.143s-38.286-8-52-21.143l-372-372.571c-13.143-13.143-21.143-32-21.143-51.429s8-38.286 21.143-52l372-371.429c13.714-13.714 32.571-21.714 52-21.714s37.714 8 51.429 21.714l42.857 42.286c13.714 13.714 21.714 32.571 21.714 52s-8 38.286-21.714 52l-167.429 167.429h402.286c41.143 0 66.857 34.286 66.857 73.143z"],"width":914.2857142857142,"attrs":[],"isMulticolor":false,"isMulticolor2":false,"tags":["arrow-left"],"defaultCode":61536,"grid":14},"attrs":[],"properties":{"name":"arrow-left","id":94,"order":7,"prevSize":28,"code":61536},"setIdx":3,"setId":1,"iconIdx":94},{"icon":{"paths":["M841.143 548.571c0 19.429-7.429 38.286-21.143 52l-372 372c-13.714 13.143-32.571 21.143-52 21.143s-37.714-8-51.429-21.143l-42.857-42.857c-13.714-13.714-21.714-32.571-21.714-52s8-38.286 21.714-52l167.429-167.429h-402.286c-41.143 0-66.857-34.286-66.857-73.143v-73.143c0-38.857 25.714-73.143 66.857-73.143h402.286l-167.429-168c-13.714-13.143-21.714-32-21.714-51.429s8-38.286 21.714-51.429l42.857-42.857c13.714-13.714 32-21.714 51.429-21.714s38.286 8 52 21.714l372 372c13.714 13.143 21.143 32 21.143 51.429z"],"width":841.1428571428571,"attrs":[],"isMulticolor":false,"isMulticolor2":false,"tags":["arrow-right"],"defaultCode":61537,"grid":14},"attrs":[],"properties":{"name":"arrow-right","id":95,"order":8,"prevSize":28,"code":61537},"setIdx":3,"setId":1,"iconIdx":95},{"icon":{"paths":["M920.571 554.857c0 19.429-8 37.714-21.143 51.429l-42.857 42.857c-13.714 13.714-32.571 21.714-52 21.714s-38.286-8-51.429-21.714l-168-167.429v402.286c0 41.143-34.286 66.857-73.143 66.857h-73.143c-38.857 0-73.143-25.714-73.143-66.857v-402.286l-168 167.429c-13.143 13.714-32 21.714-51.429 21.714s-38.286-8-51.429-21.714l-42.857-42.857c-13.714-13.714-21.714-32-21.714-51.429s8-38.286 21.714-52l372-372c13.143-13.714 32-21.143 51.429-21.143s38.286 7.429 52 21.143l372 372c13.143 13.714 21.143 32.571 21.143 52z"],"width":950.8571428571428,"attrs":[],"isMulticolor":false,"isMulticolor2":false,"tags":["arrow-up"],"defaultCode":61538,"grid":14},"attrs":[],"properties":{"name":"arrow-up","id":96,"order":9,"prevSize":28,"code":61538},"setIdx":3,"setId":1,"iconIdx":96},{"icon":{"paths":["M920.571 475.429c0 19.429-8 38.286-21.143 51.429l-372 372.571c-13.714 13.143-32.571 21.143-52 21.143s-38.286-8-51.429-21.143l-372-372.571c-13.714-13.143-21.714-32-21.714-51.429s8-38.286 21.714-52l42.286-42.857c13.714-13.143 32.571-21.143 52-21.143s38.286 8 51.429 21.143l168 168v-402.286c0-40 33.143-73.143 73.143-73.143h73.143c40 0 73.143 33.143 73.143 73.143v402.286l168-168c13.143-13.143 32-21.143 51.429-21.143s38.286 8 52 21.143l42.857 42.857c13.143 13.714 21.143 32.571 21.143 52z"],"width":950.8571428571428,"attrs":[],"isMulticolor":false,"isMulticolor2":false,"tags":["arrow-down"],"defaultCode":61539,"grid":14},"attrs":[],"properties":{"name":"arrow-down","id":97,"order":10,"prevSize":28,"code":61539},"setIdx":3,"setId":1,"iconIdx":97},{"icon":{"paths":["M585.143 785.714v-108.571c0-10.286-8-18.857-18.286-18.857h-109.714c-10.286 0-18.286 8.571-18.286 18.857v108.571c0 10.286 8 18.857 18.286 18.857h109.714c10.286 0 18.286-8.571 18.286-18.857zM584 572l10.286-262.286c0-3.429-1.714-8-5.714-10.857-3.429-2.857-8.571-6.286-13.714-6.286h-125.714c-5.143 0-10.286 3.429-13.714 6.286-4 2.857-5.714 8.571-5.714 12l9.714 261.143c0 7.429 8.571 13.143 19.429 13.143h105.714c10.286 0 18.857-5.714 19.429-13.143zM576 38.286l438.857 804.571c12.571 22.286 12 49.714-1.143 72s-37.143 36-62.857 36h-877.714c-25.714 0-49.714-13.714-62.857-36s-13.714-49.714-1.143-72l438.857-804.571c12.571-23.429 37.143-38.286 64-38.286s51.429 14.857 64 38.286z"],"width":1024,"attrs":[],"isMulticolor":false,"isMulticolor2":false,"tags":["exclamation-triangle","warning"],"defaultCode":61553,"grid":14},"attrs":[],"properties":{"name":"exclamation-triangle, warning","id":107,"order":14,"prevSize":28,"code":61553},"setIdx":3,"setId":1,"iconIdx":107},{"icon":{"paths":["M402.286 182.857c0 20-16.571 36.571-36.571 36.571h-73.143v585.143h73.143c20 0 36.571 16.571 36.571 36.571 0 9.714-4 18.857-10.857 25.714l-146.286 146.286c-6.857 6.857-16 10.857-25.714 10.857s-18.857-4-25.714-10.857l-146.286-146.286c-6.857-6.857-10.857-16-10.857-25.714 0-20 16.571-36.571 36.571-36.571h73.143v-585.143h-73.143c-20 0-36.571-16.571-36.571-36.571 0-9.714 4-18.857 10.857-25.714l146.286-146.286c6.857-6.857 16-10.857 25.714-10.857s18.857 4 25.714 10.857l146.286 146.286c6.857 6.857 10.857 16 10.857 25.714z"],"width":438.85714285714283,"attrs":[],"isMulticolor":false,"isMulticolor2":false,"tags":["arrows-v"],"defaultCode":61565,"grid":14},"attrs":[],"properties":{"name":"arrows-v","id":119,"order":63,"prevSize":28,"code":61565},"setIdx":3,"setId":1,"iconIdx":119},{"icon":{"paths":["M1024 512c0 9.714-4 18.857-10.857 25.714l-146.286 146.286c-6.857 6.857-16 10.857-25.714 10.857-20 0-36.571-16.571-36.571-36.571v-73.143h-585.143v73.143c0 20-16.571 36.571-36.571 36.571-9.714 0-18.857-4-25.714-10.857l-146.286-146.286c-6.857-6.857-10.857-16-10.857-25.714s4-18.857 10.857-25.714l146.286-146.286c6.857-6.857 16-10.857 25.714-10.857 20 0 36.571 16.571 36.571 36.571v73.143h585.143v-73.143c0-20 16.571-36.571 36.571-36.571 9.714 0 18.857 4 25.714 10.857l146.286 146.286c6.857 6.857 10.857 16 10.857 25.714z"],"width":1024,"attrs":[],"isMulticolor":false,"isMulticolor2":false,"tags":["arrows-h"],"defaultCode":61566,"grid":14},"attrs":[],"properties":{"name":"arrows-h","id":120,"order":11,"prevSize":28,"code":61566},"setIdx":3,"setId":1,"iconIdx":120},{"icon":{"paths":["M676.571 512c0 9.714-4 18.857-10.857 25.714l-310.857 310.857c-6.857 6.857-16 10.857-25.714 10.857-20 0-36.571-16.571-36.571-36.571v-164.571h-256c-20 0-36.571-16.571-36.571-36.571v-219.429c0-20 16.571-36.571 36.571-36.571h256v-164.571c0-20 16.571-36.571 36.571-36.571 9.714 0 18.857 4 25.714 10.857l310.857 310.857c6.857 6.857 10.857 16 10.857 25.714zM877.714 310.857v402.286c0 90.857-73.714 164.571-164.571 164.571h-182.857c-9.714 0-18.286-8.571-18.286-18.286 0-16-7.429-54.857 18.286-54.857h182.857c50.286 0 91.429-41.143 91.429-91.429v-402.286c0-50.286-41.143-91.429-91.429-91.429h-164.571c-14.286 0-36.571 2.857-36.571-18.286 0-16-7.429-54.857 18.286-54.857h182.857c90.857 0 164.571 73.714 164.571 164.571z"],"width":877.7142857142857,"attrs":[],"isMulticolor":false,"isMulticolor2":false,"tags":["sign-in"],"defaultCode":61584,"grid":14},"attrs":[],"properties":{"name":"sign-in","id":136,"order":24,"prevSize":28,"code":61584},"setIdx":3,"setId":1,"iconIdx":136},{"icon":{"paths":["M950.857 329.143v146.286c0 20-16.571 36.571-36.571 36.571h-36.571c-20 0-36.571-16.571-36.571-36.571v-146.286c0-80.571-65.714-146.286-146.286-146.286s-146.286 65.714-146.286 146.286v109.714h54.857c30.286 0 54.857 24.571 54.857 54.857v329.143c0 30.286-24.571 54.857-54.857 54.857h-548.571c-30.286 0-54.857-24.571-54.857-54.857v-329.143c0-30.286 24.571-54.857 54.857-54.857h384v-109.714c0-141.143 114.857-256 256-256s256 114.857 256 256z"],"width":950.8571428571428,"attrs":[],"isMulticolor":false,"isMulticolor2":false,"tags":["unlock"],"defaultCode":61596,"grid":14},"attrs":[],"properties":{"name":"unlock","id":148,"order":27,"prevSize":28,"code":61596},"setIdx":3,"setId":1,"iconIdx":148},{"icon":{"paths":["M733.143 309.143l-202.857 202.857 202.857 202.857 82.286-82.286c10.286-10.857 26.286-13.714 40-8 13.143 5.714 22.286 18.857 22.286 33.714v256c0 20-16.571 36.571-36.571 36.571h-256c-14.857 0-28-9.143-33.714-22.857-5.714-13.143-2.857-29.143 8-39.429l82.286-82.286-202.857-202.857-202.857 202.857 82.286 82.286c10.857 10.286 13.714 26.286 8 39.429-5.714 13.714-18.857 22.857-33.714 22.857h-256c-20 0-36.571-16.571-36.571-36.571v-256c0-14.857 9.143-28 22.857-33.714 13.143-5.714 29.143-2.857 39.429 8l82.286 82.286 202.857-202.857-202.857-202.857-82.286 82.286c-6.857 6.857-16 10.857-25.714 10.857-4.571 0-9.714-1.143-13.714-2.857-13.714-5.714-22.857-18.857-22.857-33.714v-256c0-20 16.571-36.571 36.571-36.571h256c14.857 0 28 9.143 33.714 22.857 5.714 13.143 2.857 29.143-8 39.429l-82.286 82.286 202.857 202.857 202.857-202.857-82.286-82.286c-10.857-10.286-13.714-26.286-8-39.429 5.714-13.714 18.857-22.857 33.714-22.857h256c20 0 36.571 16.571 36.571 36.571v256c0 14.857-9.143 28-22.286 33.714-4.571 1.714-9.714 2.857-14.286 2.857-9.714 0-18.857-4-25.714-10.857z"],"width":877.7142857142857,"attrs":[],"isMulticolor":false,"isMulticolor2":false,"tags":["arrows-alt"],"defaultCode":61618,"grid":14},"attrs":[],"properties":{"name":"arrows-alt","id":168,"order":6,"prevSize":28,"code":61618},"setIdx":3,"setId":1,"iconIdx":168},{"icon":{"paths":["M1024 676.571v109.714c0 9.714-8.571 18.286-18.286 18.286h-786.286v109.714c0 9.714-8 18.286-18.286 18.286-5.143 0-9.714-2.286-13.714-5.714l-182.286-182.857c-3.429-3.429-5.143-8-5.143-12.571 0-5.143 1.714-9.714 5.143-13.143l182.857-182.857c3.429-3.429 8.571-5.143 13.143-5.143 9.714 0 18.286 8 18.286 18.286v109.714h786.286c9.714 0 18.286 8 18.286 18.286zM1024 365.714c0 4.571-1.714 9.714-5.143 13.143l-182.857 182.857c-3.429 3.429-8.571 5.143-13.143 5.143-9.714 0-18.286-8.571-18.286-18.286v-109.714h-786.286c-9.714 0-18.286-8.571-18.286-18.286v-109.714c0-9.714 8.571-18.286 18.286-18.286h786.286v-109.714c0-10.286 8-18.286 18.286-18.286 5.143 0 9.714 2.286 13.714 5.714l182.286 182.286c3.429 3.429 5.143 8.571 5.143 13.143z"],"width":1024,"attrs":[],"isMulticolor":false,"isMulticolor2":false,"tags":["exchange"],"defaultCode":61676,"grid":14},"attrs":[],"properties":{"name":"exchange","id":211,"order":64,"prevSize":28,"code":61676},"setIdx":3,"setId":1,"iconIdx":211},{"icon":{"paths":["M219.429 420.571v109.714c0 30.286-24.571 54.857-54.857 54.857h-109.714c-30.286 0-54.857-24.571-54.857-54.857v-109.714c0-30.286 24.571-54.857 54.857-54.857h109.714c30.286 0 54.857 24.571 54.857 54.857zM512 420.571v109.714c0 30.286-24.571 54.857-54.857 54.857h-109.714c-30.286 0-54.857-24.571-54.857-54.857v-109.714c0-30.286 24.571-54.857 54.857-54.857h109.714c30.286 0 54.857 24.571 54.857 54.857zM804.571 420.571v109.714c0 30.286-24.571 54.857-54.857 54.857h-109.714c-30.286 0-54.857-24.571-54.857-54.857v-109.714c0-30.286 24.571-54.857 54.857-54.857h109.714c30.286 0 54.857 24.571 54.857 54.857z"],"width":804.5714285714286,"attrs":[],"isMulticolor":false,"isMulticolor2":false,"tags":["ellipsis-h"],"defaultCode":61761,"grid":14},"attrs":[],"properties":{"name":"ellipsis-h","id":287,"order":70,"prevSize":28,"code":61761},"setIdx":3,"setId":1,"iconIdx":287},{"icon":{"paths":["M922.857 0c52 0 100 38.857 100 93.143 0 30.286-12 59.429-25.714 86.286-44.571 84.571-194.286 364-265.714 429.714-34.857 32.571-76 52-124.571 52-96.571 0-175.429-82.286-175.429-178.286 0-45.714 18.857-90.286 52.571-121.143l364.571-330.857c20-18.286 46.286-30.857 74.286-30.857zM403.429 590.857c29.714 57.714 84 101.143 146.857 117.714l0.571 40.571c3.429 162.857-109.714 274.857-273.143 274.857-193.714 0-277.714-154.286-277.714-329.714 21.143 14.286 94.857 73.143 118.857 73.143 14.286 0 26.286-8 31.429-21.143 48.571-126.857 124.571-149.714 253.143-155.429z"],"width":1022.8297142857142,"attrs":[],"isMulticolor":false,"isMulticolor2":false,"tags":["paint-brush"],"defaultCode":61948,"grid":14},"attrs":[],"properties":{"name":"paint-brush","id":463,"order":69,"prevSize":28,"code":61948},"setIdx":3,"setId":1,"iconIdx":463}],"height":1024,"metadata":{"name":"icomoon"},"preferences":{"showGlyphs":true,"showCodes":true,"showQuickUse":true,"showQuickUse2":true,"showSVGs":true,"fontPref":{"prefix":"icon-","metadata":{"fontFamily":"icomoon"},"metrics":{"emSize":1024,"baseline":6.25,"whitespace":50},"embed":false},"imagePref":{"prefix":"icon-","png":true,"useClassSelector":true,"color":0,"bgColor":16777215},"historySize":50}}